8105260,Aryanna,Lynch,4827115,53018 Terry Mews
7414677,Abigale,Oberbrunner,7311697,2446 Jeff Green Suite 612
6188217,Adelle,Oberbrunner,9904452,62867 Quitzon Street Suite 171
7999818,Xavier,Rippin,3763737,80604 Oceane Ports
6623491,Adrienne,Nienow,4977954,963 Durgan Crescent Suite 847
3003316,Colin,Bechtelar,923410,39473 Delia Manors Apt. 526
3756629,Major,Cummerata,2508481,67416 Cecilia Canyon
7024977,Braulio,Murphy,7341963,6745 Chandler Mountains
506141,Royce,Carroll,8540943,46485 Marcia Ridge
2270371,Earlene,Bosco,7343664,2000 Marquis Bypass
9925306,Colby,Simonis,4866696,91349 Kulas Creek Suite 130
3347176,Vladimir,Konopelski,2585904,41540 Aufderhar Pines Suite 718
3243543,Ivory,Rolfson,6660748,34386 Dicki Coves
4089102,Annette,Keebler,9760176,15981 Allene Bypass Suite 655
3832777,Carmelo,Spinka,798737,56657 Runte Prairie Apt. 906
1107573,Jerome,Huels,3525800,38406 Buford Turnpike
4557414,Carolanne,Nienow,6831487,97019 Kris Fields Apt. 687
259845,Finn,Hermiston,979382,30452 Lehner Point Suite 191
2839767,Claire,Wiegand,7145942,129 Augusta Locks Suite 637
1813173,Lilly,Feeney,5789698,50476 Stone Plain
7860193,Felton,Effertz,2835160,26815 Marks Crossing Apt. 843
3324465,Domenico,Koelpin,9269816,5573 Corbin Lights
3474432,Harold,Kemmer,7985557,65310 Carmella Junction Apt. 555
2219642,Rollin,Lemke,348691,97804 Lionel Park
2118829,Theodora,Beier,6514121,540 Hagenes Court
1868708,Scot,Cronin,2469911,814 Stracke Knoll Apt. 286
2578992,Damion,Jerde,6136013,695 Gutkowski Turnpike
3277358,Marian,Ledner,4366324,522 Dare Lodge Apt. 597
8283868,Cordia,Mitchell,6597414,6510 Kassulke Drive Suite 696
8675783,Carmela,Kohler,7029770,736 Rau Court Suite 006
1524814,Amya,Koss,9998199,560 Hills Turnpike
6972267,Kavon,Runolfsson,9005884,879 Fritsch Crest Apt. 400
9188345,Cory,Barton,7057781,3468 Brandon Canyon Suite 126
8567880,Kailey,McCullough,6026352,6956 Shana Fort Apt. 060
3872194,Nadia,Corwin,9749600,834 Lyda Drive
2342690,Theodora,Tillman,8214800,6406 Claud Lodge Apt. 508
9633824,Laury,Stroman,5492677,94592 Champlin Field
6709432,Jamel,Champlin,4515200,80503 Schimmel Squares
1954475,Crystal,Zulauf,9868422,9261 Morar Divide Apt. 201
2896642,Francisca,Boyer,1887298,55008 Monica Bypass Suite 951
8528745,Ima,Armstrong,9541749,636 Glenna Manor Apt. 467
846368,Fermin,Blanda,2447050,73364 Eichmann Lock
9822917,Houston,Bruen,3291907,5720 Rodriguez Circles
232605,Demetris,Breitenberg,7052620,9928 Fisher Vista Apt. 623
4006255,Skyla,Harber,143316,5286 Beier Plaza
6659624,Carlos,Wehner,3755679,196 Upton Pass
2844228,Lester,Bahringer,3961848,2359 Liza Courts
1813937,Concepcion,Simonis,3742995,203 Bernadine River Apt. 989
6008420,Eladio,Upton,2641995,6897 Weimann Inlet
5700850,Marguerite,Hamill,1065997,57364 Walter Pines
7237701,Walker,Terry,1528881,4547 Tillman Inlet Apt. 244
4389194,Bruce,Runolfsson,7981232,7418 Desmond Plains
1016725,Margie,Pagac,993618,2791 Marianna Extension Apt. 700
3305795,Kaylie,Will,4652819,331 Gunnar Pines Suite 138
8486646,Kendra,Hettinger,8951659,8996 Belle Mills Apt. 863
2252829,Fatima,Nader,6395636,6126 Sonia Skyway
8792233,Marshall,Boyle,1623726,821 Raegan Junction Suite 441
5421936,Abigayle,Kuhn,2238351,818 Watsica Club Apt. 329
5034860,Ernie,Emmerich,1013934,949 Tierra Mountains
809080,Aaliyah,Hackett,5582081,35871 Nikolaus Station Suite 114
6686553,Vance,Gottlieb,92388,934 Hackett Loop
1894807,Maritza,Berge,1541891,632 Brionna Mall
1985261,Hermann,Jacobson,6219361,28082 Bertram Motorway Suite 812
3297411,Karianne,Johnston,3541787,263 Theresia Squares
6467202,Darien,Roberts,5001059,8199 Bergnaum Fields
909250,Benny,Lakin,205685,66929 Timmothy Courts
5173874,Zachery,Boyle,6847419,48064 Lubowitz Shores
9808764,Vivianne,Jenkins,4849382,8685 Jaiden Flats
7333316,Blaze,Schowalter,397096,90126 Rosenbaum Fork Suite 749
5598214,Elaina,Block,7640964,86728 Streich Isle
2314564,Rosalee,Lehner,6714369,289 Hahn Harbors
6923764,Dayana,Hills,7695011,9326 Monte Stream Suite 392
9188911,Odie,Stoltenberg,708293,51136 Bridgette Trace
8076140,Price,Blanda,4968745,43794 Nedra Circles Apt. 175
3780362,Callie,Cronin,2591829,4926 Gislason Port
9586713,Rodrick,Zieme,9997174,655 Wehner Causeway Apt. 049
2594921,Sister,Jones,111210,98914 Cartwright Dale Suite 569
8281269,Royal,Hansen,5682073,57796 Mireya Junctions
4657095,Scot,Feest,4289597,135 Schmitt Courts
7372778,Kian,Hansen,1246261,5368 Fermin Mall Suite 208
8635268,Delaney,Lakin,6603254,106 William Ville
8514665,Crystal,Streich,1172401,85119 Domenica Trail Suite 085
1810709,Muhammad,Leannon,5670173,6363 Robel Fort Suite 412
9800905,Rebekah,Legros,2030481,55497 Ortiz Way
7101702,Tevin,Hintz,2518247,6354 Bethany Ranch Suite 791
2883550,Donavon,Gerhold,7111824,53377 Bill View Apt. 072
3037450,Marjorie,Wiegand,6571277,828 Johnnie Course Apt. 980
9708406,Dayana,Ledner,9110056,1468 Stoltenberg Drive
8359814,Meredith,Botsford,2484574,2580 Newell Mews
4998788,Karley,Von,4970161,507 Skylar Crest
9170260,Clemens,Stoltenberg,9209303,9599 Chauncey Pike
8052164,Mable,Schmeler,67707,5315 Nicolette Manors Apt. 377
3881921,Chelsie,Kovacek,7527354,67485 Bernardo Ports
9384293,Braeden,Hahn,6546002,4000 Howe Heights Suite 713
8289528,Cheyanne,Marquardt,5385130,12112 Domingo Brooks
1105275,Danny,Medhurst,8542784,430 Corrine Rest
4671614,Keven,Jakubowski,7447918,717 Braun Mountain Apt. 795
7200221,Dan,Conroy,7439671,4730 Bartoletti Rest Apt. 923
3025409,Edwardo,Price,8887520,9385 Gregory Stream Apt. 666
1159517,Jules,Fahey,764690,72940 Orn Groves Suite 043
471441,Vance,Emard,3196130,9761 Garrison Trail Apt. 150
6397170,Clare,Thompson,1406196,1047 Sharon Rapids Suite 821
8553712,Ernesto,Green,4528882,407 Rice Greens Apt. 248
5951693,Roberto,Mills,1305780,17059 Leffler Causeway Apt. 484
4105981,Haley,Thompson,9563767,94576 Lemuel Glens
9955729,Tito,Schumm,4528935,62036 Deckow Trafficway
7849856,Carlos,McGlynn,8510643,538 Frankie Crossroad
8247630,Sadie,Kovacek,9633186,5488 Guido Pike
2638126,Wilfrid,Rowe,5080610,75754 Otto Skyway Apt. 839
5487895,Marielle,Goldner,653522,817 Brakus Mountain Suite 172
629149,Allan,Wunsch,7191467,669 Ondricka Mount Suite 170
3891511,Marcelo,Weimann,3377620,851 Barney Dale Apt. 929
7260880,Dannie,Brown,7120302,9621 Hodkiewicz Springs Suite 746
6322197,Hillary,Keebler,154203,73056 Margot Bridge Suite 966
2893913,Kaleigh,Hane,6850592,5043 Cesar Mission
8271555,Kim,Halvorson,3965116,482 Schulist Light
4763867,Estel,Hegmann,3812026,88838 Kerluke Glens
1751960,Grace,Ziemann,9255317,5166 Archibald Dale Apt. 780
6742499,Raquel,Wyman,9295835,1162 Malvina Vista Suite 360
7363175,Imani,Pollich,5663247,84120 Mills Spur Apt. 488
1577612,Kaylee,Bogan,6247856,401 Gregorio Union
4288356,Ora,Lubowitz,8232653,16952 Boehm Row Apt. 121
5203404,Willa,Gulgowski,3537482,2940 Ziemann Rapids Apt. 286
8426127,Jaquelin,Cartwright,3445980,4446 Goyette Ridges Apt. 328
4461657,Josiane,Jaskolski,8277877,800 Zemlak Shores Suite 954
875153,Daphnee,Leannon,2112075,33288 Jerrell Extensions
8178466,Maureen,Cormier,4966012,377 Reba Lights
5586306,Stan,Ryan,2759112,808 Darby Lodge
543403,Brett,Braun,6088724,53248 Lebsack Walk
6365385,Janessa,Konopelski,6638999,27957 Langosh Forest Apt. 354
8969336,Edwardo,Goodwin,2164795,65824 Zander Drive
9102636,Lennie,Bartell,6632691,40491 Sauer Mall Apt. 959
9461358,Carrie,Herman,2120590,916 Arno Forks Apt. 460
6177842,Enola,Mills,7782765,8389 Pfeffer Brooks
2184799,Richmond,Pollich,5223726,2920 Senger Land Suite 837
3315076,Jayda,Runolfsson,943318,4355 Golda Heights
8507903,Olaf,Sipes,1667391,46711 Ondricka Forges
7318486,Evie,Brakus,4146733,3367 Carlee Ridges
4067599,Nathanael,Hahn,6511435,983 Zaria Flat Apt. 686
2599337,Ivory,Fritsch,2481423,2602 Marquardt Burgs Suite 060
5070471,Priscilla,Weber,943729,939 Kilback Corners
3683430,Juanita,Metz,9106001,288 Mariam Rest Suite 680
7474389,Dandre,Hirthe,5537980,886 Upton Cape
7157016,Benton,Kuvalis,3349403,221 Legros Valleys Apt. 477
7472457,Gilberto,Keeling,2084698,9681 Jacquelyn Orchard
6749799,Rafaela,Corkery,7086291,4745 Delpha Rapid
2905523,Henderson,Effertz,3132292,56032 Roslyn Shoals
9727755,Mandy,Wisozk,5850423,167 Antone Key Apt. 151
4540124,Claude,Okuneva,2310676,20174 Schmitt Lakes Suite 657
1137957,Bret,Ward,3412724,196 Wolf Course
3618700,Patricia,Kiehn,7480891,722 Grant Circle
918353,Vicky,Stamm,7923727,947 Hane Throughway Apt. 946
1879688,Pierce,Miller,2131975,44796 Humberto Parks
660962,Marilie,Sanford,1930743,633 Mabelle Neck
3426542,Ellsworth,Boyer,4951324,86487 Tiffany Center Apt. 634
4357059,Dandre,Heathcote,273313,28223 Dickens Streets
4323471,Zoey,Flatley,8199917,8077 Ruecker Summit
8764855,Joe,O'Hara,8304584,67405 Lubowitz Causeway
7491058,Arne,Keeling,5088187,8100 Krajcik Springs
9208314,Miles,Bahringer,7475793,3477 Holden River Apt. 472
2613988,Steve,Upton,5410401,6684 Roberts Plains
8356211,Crystel,Swaniawski,4964185,796 Marielle Cove
7106916,Filomena,Runolfsdottir,8143102,4010 Leuschke Street
9439242,Zachary,Bergstrom,2842990,522 Hegmann Hills Suite 695
4264437,Euna,Bruen,3872369,75493 Rudolph Union
9312223,Kavon,Schamberger,5048667,1257 Doug Radial Suite 022
8577128,Miracle,Flatley,6873219,66776 Magnolia Trafficway Suite 853
2260179,Shaylee,Price,4919977,772 Gregory Walk Suite 188
333627,Irwin,Schroeder,9784559,6535 Haylie Corners Apt. 840
637458,Hal,Quitzon,6777387,207 Patience Avenue
7742687,Frieda,Wiegand,9505435,66896 Becker Flats Suite 168
3565770,Henderson,Koch,7323651,824 Jaquan Squares
3733441,Kiera,Strosin,3066295,12435 Tamia Mountains Apt. 113
3596886,Araceli,Kreiger,418623,11665 Albin Crest
738459,Aiyana,Hessel,9232885,70094 Aiden Square Suite 856
2549985,Agnes,Ruecker,724919,1843 Orville Trail
7629615,Coralie,Nader,2618913,86413 Nikko Roads
3915884,Morgan,Kirlin,2116985,9548 May Forge Suite 579
594828,Shaina,Huel,5127135,987 Jany Lodge
2562568,Rahsaan,Feest,1536386,740 Lorine Parks Apt. 103
7347537,Kale,Welch,9854933,618 Jack Glen
7139862,Remington,Will,9439779,5900 Lacey Summit
5164724,Heber,Fritsch,2782152,651 Kemmer Ferry Suite 243
7783761,Haskell,Lang,963541,4489 Bauch Mountain Suite 115
9817036,Jazmyne,Hagenes,9598605,1643 Maxie Ridge Apt. 961
4696702,Fritz,Bode,6633083,676 Kohler Haven Apt. 739
5655854,Quincy,Morissette,1216415,1518 Schoen Forge Suite 094
1865065,Danial,Mraz,3585033,77256 Borer Hollow Apt. 120
3962940,Cecil,Oberbrunner,5147458,62422 Jast Mews Apt. 860
7965926,Haylee,Maggio,7055901,880 Eldred Loaf
8880885,Janie,Quitzon,5646067,747 Veum Orchard Apt. 608
1564648,Carey,McClure,6501348,565 Graham Bypass Suite 290
5144272,Chad,Mante,9077582,282 Emard Landing
2184788,Mallie,Bechtelar,3969548,710 Merlin Inlet Suite 166
9680194,Magdalen,Cassin,7418588,1538 Runte Motorway Suite 496
5016827,Bert,Harris,2769736,53966 Einar Shoals
6390823,Providenci,Runolfsson,9167694,2517 Alejandra Hills
3952228,Damian,Robel,8249960,186 Cartwright Via Apt. 052
5115524,Madisen,Hammes,5056805,3203 Conner Village
6584155,Serenity,O'Reilly,225952,54453 Gerlach Green
