331894,Emely,Brekke,655299,851 Rosalyn Corner
587087,Tommie,McKenzie,4399093,3567 Alvena Park
1834693,Kirsten,Jerde,2190464,8587 Hill Falls
7551469,Annamae,Mohr,2551043,1327 Swaniawski Dale Suite 242
1295949,Katharina,Mann,1929989,309 Schiller Manor Suite 288
2334326,Jess,Rowe,58579,8729 Douglas Plains
8069299,Katlyn,Gerlach,8304551,943 Frederik Fort Apt. 320
956139,Marguerite,Johns,849113,1262 Nienow Creek Apt. 496
5249828,Roselyn,Pouros,6798883,7579 Kira Square
844732,Electa,Thompson,5625721,189 Sadie Plaza
5787058,Dillon,Smith,8517011,59781 Ledner Greens Apt. 343
8379392,Sydni,Bogisich,2062648,33751 Nolan Hill Suite 318
7134892,Herta,Barrows,6173202,179 Ward Stravenue
8997514,Maryam,Kunze,6424620,2244 Elroy Forge Apt. 642
3576899,Rick,Schmitt,864433,69572 Kirlin Manor Apt. 609
2230747,Stefanie,Lakin,708529,30872 Maegan Tunnel Apt. 190
534447,Freida,Olson,2290561,99224 Demarcus Junction
3073434,Jared,Pollich,9432018,458 Casper Forks Suite 228
8770456,Pierce,Balistreri,4852122,841 King Trace Apt. 074
5191564,Ron,Nolan,1463250,9744 Daniela Tunnel
8892849,Herta,Ruecker,4278779,387 Collier Lakes Apt. 932
7303013,Isabella,Fisher,983542,65165 Boyer Burg Suite 222
3506123,Cecil,Wisozk,5173548,63227 Goodwin Shores
8420974,Diana,Hamill,8235806,1805 Strosin Ferry Apt. 376
5420909,Otilia,Fadel,8116498,7383 Dennis Brooks Apt. 936
1487088,Stone,Schmidt,9130141,371 Hodkiewicz Lights
2096914,Emerald,Brekke,1322945,12214 Wuckert Manors
564896,Una,Adams,2135033,203 Heaney Points Apt. 901
5829959,Brayan,Donnelly,3940243,61825 Kunde Lane
3016639,Miracle,Mayer,4722539,8498 Cristina Extension Apt. 763
5911171,Pierre,Grant,267391,313 Keshaun Crossroad
5157089,Janick,Nolan,1744042,18884 Feil Manors
6876439,Akeem,Runolfsdottir,3805501,850 Lue Villages
5200549,Jeffrey,Osinski,6795558,41669 Dominique Harbors
4570124,Madelyn,McGlynn,3384519,457 Douglas Park Suite 673
898426,Alfonzo,Wuckert,1426533,8438 Berge Throughway
6907719,Elenor,Lang,5004342,3269 Imelda Spur Apt. 906
170781,Wava,Zieme,739706,337 Jocelyn Place Apt. 345
9113596,Nash,Jones,6822581,105 Hailee Lights
7519104,Ebba,Aufderhar,7872869,6133 Abagail Estate
4046306,Frida,Runte,196274,33342 Shanahan Cliff Apt. 347
7171314,Monte,Bahringer,8910274,47792 Jackeline Roads Apt. 930
1526642,Lorna,Kerluke,8519954,778 Vanessa Mountain
7881065,Joany,Doyle,3764478,393 Pouros Mills Apt. 432
8019788,Ashtyn,Hammes,7612202,597 Lera Ramp
585884,Henriette,Schinner,9726587,1644 Elvie Spur Apt. 493
3221803,Abdiel,Ruecker,2707070,17011 Nicolas Squares
595603,Janick,Collins,8331447,348 Tyrell Fall
1837544,Hobart,Gibson,6817879,7651 Orville Turnpike
3002902,Kennedi,Stehr,72343,85124 Spinka Plain
4124849,Eric,Thompson,7850233,393 Esteban Crescent Apt. 705
9948043,Mose,Keebler,9367615,42651 Myrtis Manor Suite 904
9541638,Jesus,Dare,7672479,19779 Harley Hollow
253579,Heaven,Schmidt,7563696,50494 Stan Islands
1887155,Erick,Pollich,507824,83065 Little Locks
2491364,Karen,Sawayn,5248077,7378 Junius Way Suite 165
8538441,Hallie,Kub,985727,95088 Linnie Court Apt. 736
4480919,Mozell,Marquardt,2913405,2969 Chandler Lock Apt. 429
1833299,Carlotta,Steuber,3271117,171 Barton Common
915151,Luz,Treutel,7117475,75700 Ullrich Islands
1175691,Isabella,Murray,8695678,513 Valentin Mall
1422682,River,Weimann,7752401,5942 Fahey Rue
7544850,Ariane,Oberbrunner,5550130,86322 Pearline Falls
1031676,Mylene,Botsford,5524719,1190 Laron Port Suite 625
6606386,Golda,Hickle,8591847,92530 Caleigh Loop
5341696,Yvonne,Swaniawski,3261777,17750 Jayce Street
2523196,Boris,Rempel,4170357,999 Sydney Garden
2028836,Madisyn,Watsica,7208638,35268 Walter Place Apt. 373
4547555,Avery,Koch,6341824,131 Joanie Divide
6362927,Devante,Christiansen,1481991,9272 Gleichner Shoals Apt. 476
9968788,Emilio,Kirlin,5477482,10295 Kutch Tunnel Suite 408
1560926,Torrance,VonRueden,7297615,4375 Lysanne Cape
2486711,Aiden,Bashirian,8225569,935 Janick Creek
7128954,Marietta,Olson,997569,75729 Kertzmann Cove Suite 803
6770255,Taryn,Oberbrunner,3245922,2002 Reinger Lights
5671326,Sister,Lesch,9706883,701 Brandy Branch Apt. 011
118239,Margarita,Heathcote,652950,9704 Pouros Road
5820340,Arvel,Spencer,3575661,2450 Rogahn Manors Apt. 181
3706462,Raheem,Simonis,3353401,65318 Witting Park
27752,Rahsaan,Welch,7145118,324 Ericka Pines
3414496,Kallie,Sipes,9448869,66415 Morris Extensions Suite 881
4224133,London,Beatty,9684547,76056 Michelle Causeway Suite 115
9503461,Angie,Cummings,7643206,295 Leila Plains
4680741,Waldo,Ondricka,4105687,18381 Hessel Summit Apt. 782
4294400,Carol,Tromp,7943557,2002 Jacquelyn Ferry
4515366,Cristobal,Olson,8858382,569 Skylar Roads Suite 412
8970187,Viola,Wuckert,8430691,778 Josh Courts
8655929,Ima,Bergstrom,5169329,752 Faye Garden Apt. 744
3804414,Rhett,Stracke,2978687,26156 Alfreda Alley Suite 866
1322788,Vernie,Maggio,187,27362 Margaretta Cliffs Suite 990
2919382,Dakota,Runte,8346251,52228 Feil Garden
3610863,Karianne,Hayes,3560892,472 Anabel Lights Suite 329
5252591,Elenora,Langosh,2681473,4722 Sibyl Glens
1358835,Meta,Pouros,4030566,1035 Charles Ridge Apt. 789
2140949,Jose,Heller,1352907,22306 Jakob Expressway Suite 201
1966417,Samson,Abshire,806515,531 Schamberger Island Apt. 423
7936012,Erich,Grady,1528496,1096 Abernathy View Apt. 744
660215,Harmon,Durgan,7267589,3579 Abernathy Meadow Suite 052
4385261,Mason,Wolf,6660559,747 Kuhlman Street
7088182,Zaria,McLaughlin,9933389,67277 Twila Ports
