6165082,Bud,Green,7162917,57786 Edwardo Road Suite 932
6766262,Joel,Hill,4747175,699 Eulah Dale Suite 782
2530911,Deshawn,Mann,8251539,90266 Jacobi Parks
502687,Flavio,Gorczany,4295251,485 Braulio Gardens Apt. 885
3846614,Leland,Lebsack,595003,370 Maya Meadow
4174843,Vincent,Reynolds,2100102,233 Corwin Groves
5422543,Carley,Murazik,6737699,7823 Lily Heights Apt. 693
4111266,Esteban,Welch,4719622,177 Zieme Gateway Apt. 963
6865011,Providenci,Jenkins,7396797,6672 Roob Parks
5703297,Kenyatta,Orn,6591513,839 Theron Village
1263215,Edward,Bruen,7411924,57250 Marks Circles
1790132,Tyreek,Heidenreich,1336227,498 Morar Highway Apt. 984
436008,Annette,Fadel,5515330,89245 Effie Path Apt. 790
2280653,Raegan,Bruen,3631775,9116 Willms Stravenue
1324212,Jaquan,Russel,195240,216 Hane Walk
4791074,Nakia,Williamson,577201,11176 Waters Fields Suite 800
5745862,Freeman,Connelly,9871897,270 Prohaska Creek
3787304,Lucio,Powlowski,2282100,66974 Braeden Knolls Suite 139
9994683,Jamir,Ankunding,3122260,34583 Brian Rue Apt. 751
9136193,Dillan,Christiansen,3218250,67425 Bergnaum Island Suite 720
916309,Emmie,Kling,1729943,17099 Koepp Inlet
4477036,Lilyan,Schroeder,5539331,5610 Lucile Ports Apt. 926
1067393,Brad,Deckow,2684734,3072 Randall Mall Suite 046
8658147,Alva,Fay,2365739,1066 Rose Junction Suite 784
4738967,Jillian,Graham,3406544,9764 Domenick Bypass Apt. 207
6832703,Adrienne,Wiza,5728278,33824 Jerrell Plains
4503139,Jordon,Romaguera,6632854,33392 Buckridge Union
7522886,Geovany,Schultz,4001500,53272 Mosciski Gateway
8150332,Elliot,Balistreri,899107,2755 Annabell Parkway
4174501,Laury,Jenkins,2161302,3149 Burdette Crossing
1842948,Laurine,Hickle,7901237,6330 Corkery Place Apt. 162
9147932,Anna,Schimmel,7279271,703 Hane Rest Suite 842
184922,Eric,Kulas,6057290,84660 Schaden Lights
8157846,Daisha,Franecki,8063016,2910 Beer Estate
407821,Krystina,Simonis,2862023,279 Nicolette View Suite 589
1771304,Noah,Carroll,2448275,2083 Prohaska Walk
7877634,Haylie,Brekke,7611910,19560 Arianna Mews
1174003,Helena,Hegmann,9186374,819 Feil Fields Suite 742
2374244,Jettie,Rohan,2910624,68877 Bruen Village Suite 604
1320142,Bernard,Schulist,2652998,359 Naomi Trail
6338675,Clyde,Schultz,6045646,302 Block Tunnel Suite 640
9392220,Noble,Lubowitz,9999733,33652 Ava Harbor Suite 575
4150447,Cordell,Harvey,3851646,10768 Kautzer Neck Apt. 189
7162957,Ressie,Lindgren,7977400,44705 Jacobi Glens Apt. 532
9708927,Melyssa,Okuneva,9714799,8569 Adele Burg Suite 343
6089165,Evie,Hackett,8596424,524 Seamus Ridges Suite 015
1762744,Rashad,Howe,3150330,9282 Shanahan Trafficway Apt. 558
1135400,Itzel,Hirthe,847011,739 Blanda Parkway Suite 461
2131906,Adolfo,Mraz,9171366,81977 Considine River Apt. 058
7287666,Delphine,Metz,2756769,86252 Magali Ranch Suite 455
834477,Damion,Greenholt,9228142,9141 Frederik Stravenue Suite 046
4585923,Craig,Jerde,1369424,3443 Garth Lodge Apt. 199
1052705,Ella,Hayes,1058704,211 Medhurst Prairie
9157348,Andreanne,Lemke,7908429,9471 Bergnaum Inlet
7535734,Jamar,Torphy,9353475,66758 Reynold Cove
5849237,Noemy,Rippin,2889918,2886 Bechtelar Overpass
576628,Carlo,Parker,9929126,2299 Cassandra Inlet Apt. 616
6368867,Khalil,Kemmer,3863719,66590 Kuphal Burg
9351851,Donna,Nader,1641441,1712 Goldner Landing Apt. 309
2696128,Euna,Rice,1171390,4433 Gail Alley
8849478,Estella,Leffler,1996886,2680 Kole Orchard Suite 913
7033423,Shea,Rau,6863791,7296 Afton View Apt. 702
5833544,Katelyn,Weimann,515575,178 Windler Island Suite 480
3645630,Pearl,Eichmann,2043279,792 Conn Divide Suite 694
1062261,Genevieve,O'Keefe,2456141,473 Dach View
7929255,Santos,Cremin,5069970,62400 Krystina Cape Apt. 869
9204605,Thalia,Cummings,4096525,8854 Davin Club
1716873,Constantin,Batz,317958,43188 Homenick Burgs Suite 862
9272736,Louvenia,Turcotte,1616313,2007 Balistreri Causeway
7213260,Jerad,Hills,2304367,70651 Ziemann Expressway
493398,Salvador,Ondricka,7377511,230 Haley Curve Apt. 501
2936559,Jerrell,Pouros,434756,17054 Rozella Trail Apt. 446
8706795,Ella,Connelly,3530599,12593 Padberg Shore
6355667,Hank,Walsh,1892609,182 Douglas Drive
7237970,Prince,Satterfield,1834921,1443 Kaden Neck
6644676,Jonas,Streich,1765383,368 Elfrieda Turnpike
1341780,Raphaelle,Grady,5011815,79992 Bridget Fall
1934960,Michael,Harris,4371250,623 Alysha Ranch
7168538,Tanner,Boehm,5378842,9217 Jones Crescent
8385408,Kali,Jast,3441179,44306 Howe Wall Apt. 170
9088975,Maribel,Kunde,4186647,6547 Stroman Lodge Suite 211
5184760,Filiberto,Rice,6715459,452 Dejon Place
3955165,Nichole,Brekke,7434273,15016 Satterfield Ferry
271481,Lonny,Buckridge,6177376,7925 Ankunding Orchard Suite 404
4886332,Yasmine,Berge,7997259,96642 Chauncey Mountains Suite 853
3453537,Sylvester,Hamill,2096393,3494 Zboncak Junction
3219529,Madelyn,Schmitt,8447153,4100 Ashleigh Harbor Suite 348
1186895,Rowland,Hintz,4604316,64196 Corkery Cove Suite 421
7459099,Henriette,Marvin,1758933,9039 Champlin Trace Suite 051
7480077,Noemy,Prohaska,6034625,80854 Janis Wells
4128097,Pearl,Streich,9834021,556 Littel Common Suite 899
1487687,Hettie,Murphy,479237,85568 Runolfsdottir Lakes
3224250,Maybelle,Becker,689868,168 Brown Locks
951484,Kelvin,VonRueden,1128979,6618 Cole Squares
493925,Elta,Kessler,3406812,46865 Horacio Circle Apt. 395
3332205,Dasia,O'Conner,5196317,498 Veum Road
501543,Nedra,Lueilwitz,5979954,3875 Douglas Valley
6227118,Dewayne,Kuphal,7608626,709 Amaya Passage
5436942,Gretchen,Price,8175892,573 Brock Common
6633706,Santa,Lebsack,5398542,11706 Leffler Haven Suite 818
